seed,dest_label,file_source_node,sightings_generated,sightings_delivered,sighting_delivery_rate,sighting_avg_delay_s,sighting_min_delay_s,sighting_max_delay_s,sighting_p50_delay_s,sighting_avg_hops,sightings_expired,time_to_first_sighting_s,chunks_total,chunks_delivered,chunk_completion_pct,chunks_per_min,time_to_first_chunk_s,chunk_avg_delay_s,acks_generated,acks_delivered,ack_delivery_rate,connectivity_windows,bt_windows,wifi_windows,avg_window_duration_s,lp_solves,lp_fallbacks,total_transfers
0,N_31,M_36,10,10,1.0,116.7,27.0,305.0,86.0,3.0,0,103.0,1000,35,3.5000000000000004,1.1666666666666667,780.0,1140.1142857142856,0,0,0.0,493,171,322,9.448275862068966,27,0,74
1,Q_36,EDGE_1,8,7,0.875,160.42857142857142,9.0,335.0,127.0,3.0,0,307.0,1000,27,2.7,0.9,708.0,1001.5185185185185,0,0,0.0,441,165,276,14.154195011337869,24,0,70
2,M_37,EDGE_1,12,0,0.0,nan,nan,nan,nan,nan,8,nan,1000,0,0.0,0.0,nan,nan,0,0,0.0,530,223,307,9.086792452830188,28,0,90
3,M_35,EDGE_1,14,11,0.7857142857142857,278.54545454545456,12.0,512.0,299.0,3.0,2,330.0,1000,31,3.1,1.0333333333333334,535.0,993.6451612903226,0,0,0.0,504,196,308,9.196428571428571,42,0,96
4,M_35,WIS_O,10,7,0.7,567.5714285714286,269.0,807.0,640.0,3.0,0,1000.0,1000,40,4.0,1.3333333333333333,558.0,1101.7,0,0,0.0,515,146,369,9.76116504854369,33,0,100
5,M_33,WIS_O,11,0,0.0,nan,nan,nan,nan,nan,8,nan,1000,0,0.0,0.0,nan,nan,0,0,0.0,522,203,319,9.655172413793103,36,0,102
6,P_36,EDGE_0,7,5,0.7142857142857143,291.8,126.0,477.0,267.0,3.0,0,516.0,1000,9,0.8999999999999999,0.3,1333.0,1333.0,0,0,0.0,500,170,330,16.642,18,0,55
7,WIS_P,WIS_Q,14,13,0.9285714285714286,205.3846153846154,24.0,390.0,201.0,3.0,0,436.0,1000,53,5.3,1.7666666666666666,190.0,684.3018867924528,0,0,0.0,469,151,318,9.867803837953092,41,0,93
8,N_31,EDGE_0,13,12,0.9230769230769231,192.0,0.0,356.0,178.0,3.0,0,240.0,1000,33,3.3000000000000003,1.1,345.0,978.2121212121212,0,0,0.0,444,172,272,9.56981981981982,32,0,85
9,N_34,WIS_Q,9,7,0.7777777777777778,172.14285714285714,28.0,292.0,172.0,3.0,0,328.0,1000,36,3.5999999999999996,1.2,281.0,485.30555555555554,0,0,0.0,509,181,328,9.701375245579568,26,0,62
10,P_36,P_33,12,6,0.5,304.5,158.0,717.0,205.5,3.0,2,261.0,1000,44,4.3999999999999995,1.4666666666666666,261.0,690.7727272727273,0,0,0.0,542,173,369,9.636531365313653,32,0,105
11,P_36,N_33,9,7,0.7777777777777778,248.57142857142858,22.0,543.0,206.0,3.0,0,257.0,1000,46,4.6,1.5333333333333334,359.0,760.304347826087,0,0,0.0,490,179,311,9.818367346938775,31,0,77
12,P_34,EDGE_0,9,7,0.7777777777777778,138.42857142857142,50.0,282.0,96.0,3.0,0,126.0,1000,27,2.7,0.9,439.0,800.6666666666666,0,0,0.0,449,143,306,9.966592427616927,25,0,71
13,WIS_O,WIS_O,8,8,1.0,236.375,84.0,386.0,241.0,3.0,0,444.0,1000,72,7.199999999999999,2.4,165.0,582.0138888888889,0,0,0.0,500,209,291,12.642,37,0,126
14,Q_33,EDGE_3,11,11,1.0,92.36363636363636,0.0,257.0,82.0,3.0,0,60.0,1000,16,1.6,0.5333333333333333,475.0,1053.8125,0,0,0.0,507,175,332,9.970414201183432,28,0,59
15,M_35,WIS_Q,8,2,0.25,561.0,544.0,578.0,561.0,3.0,4,604.0,1000,18,1.7999999999999998,0.6,1206.0,1312.111111111111,0,0,0.0,532,211,321,9.563909774436091,32,0,90
16,O_34,WIS_O,13,8,0.6153846153846154,278.0,34.0,817.0,138.0,3.0,0,394.0,1000,47,4.7,1.5666666666666667,82.0,423.97872340425533,0,0,0.0,445,159,286,9.806741573033708,37,0,79
17,WIS_N,N_33,13,12,0.9230769230769231,218.0,0.0,583.0,197.5,3.0,0,169.0,1000,47,4.7,1.5666666666666667,143.0,613.6382978723404,0,0,0.0,536,215,321,9.399253731343284,35,0,89
18,WIS_P,EDGE_3,9,8,0.8888888888888888,144.125,0.0,285.0,131.5,3.0,0,263.0,1000,10,1.0,0.3333333333333333,604.0,604.0,0,0,0.0,462,182,280,9.471861471861471,20,0,29
19,M_34,P_33,10,8,0.8,236.5,49.0,353.0,227.5,3.0,0,239.0,1000,53,5.3,1.7666666666666666,239.0,506.6792452830189,0,0,0.0,488,150,338,13.16188524590164,37,0,101
20,M_33,P_33,8,2,0.25,519.5,372.0,667.0,519.5,3.0,3,852.0,1000,9,0.8999999999999999,0.3,852.0,852.0,0,0,0.0,499,161,338,13.615230460921843,27,0,102
21,P_34,P_33,7,7,1.0,223.71428571428572,11.0,626.0,90.0,3.0,0,413.0,1000,51,5.1,1.7,265.0,816.3921568627451,0,0,0.0,501,195,306,8.706586826347305,27,0,94
22,Q_36,EDGE_0,11,11,1.0,179.8181818181818,9.0,395.0,161.0,3.0,0,146.0,1000,35,3.5000000000000004,1.1666666666666667,146.0,855.6,0,0,0.0,534,212,322,12.586142322097379,25,0,58
23,WIS_Q,WIS_P,11,10,0.9090909090909091,191.9,0.0,317.0,251.0,3.0,0,377.0,1000,30,3.0,1.0,377.0,912.7666666666667,0,0,0.0,467,177,290,9.205567451820128,32,0,85
24,M_33,P_33,8,3,0.375,290.6666666666667,139.0,518.0,215.0,3.0,4,229.0,1000,37,3.6999999999999997,1.2333333333333334,839.0,1094.6216216216217,0,0,0.0,452,169,283,13.369469026548673,31,0,120
25,O_37,WIS_P,8,4,0.5,517.0,349.0,730.0,494.5,3.0,2,829.0,1000,53,5.3,1.7666666666666666,188.0,955.5283018867924,0,0,0.0,513,175,338,9.196881091617934,23,0,74
26,P_37,EDGE_2,10,7,0.7,376.57142857142856,173.0,845.0,336.0,3.0,3,233.0,1000,68,6.800000000000001,2.2666666666666666,233.0,955.1764705882352,0,0,0.0,482,165,317,13.284232365145229,35,0,119
27,N_37,M_36,11,3,0.2727272727272727,466.6666666666667,345.0,675.0,380.0,3.0,5,1280.0,1000,44,4.3999999999999995,1.4666666666666666,98.0,309.3181818181818,0,0,0.0,442,139,303,9.941176470588236,32,0,92
28,P_36,O_33,7,5,0.7142857142857143,163.8,121.0,216.0,170.0,3.0,0,530.0,1000,38,3.8,1.2666666666666666,193.0,577.7894736842105,0,0,0.0,477,169,308,13.59748427672956,25,0,70
29,O_37,N_33,8,6,0.75,293.6666666666667,64.0,733.0,261.0,3.0,1,424.0,1000,31,3.1,1.0333333333333334,598.0,1219.1935483870968,0,0,0.0,513,171,342,9.908382066276802,27,0,77
30,N_37,WIS_N,9,5,0.5555555555555556,340.8,159.0,579.0,272.0,3.0,1,538.0,1000,26,2.6,0.8666666666666667,90.0,521.8461538461538,0,0,0.0,477,142,335,13.257861635220126,27,0,69
31,M_33,EDGE_0,13,5,0.38461538461538464,606.8,352.0,784.0,652.0,3.0,3,1132.0,1000,18,1.7999999999999998,0.6,1132.0,1429.3333333333333,0,0,0.0,516,166,350,9.55232558139535,37,0,97
32,O_33,EDGE_3,12,8,0.6666666666666666,200.75,49.0,441.0,200.0,3.0,0,109.0,1000,17,1.7000000000000002,0.5666666666666667,651.0,757.4705882352941,0,0,0.0,503,200,303,9.506958250497018,29,0,56
33,P_36,EDGE_1,12,6,0.5,188.5,45.0,333.0,205.5,3.0,1,261.0,1000,0,0.0,0.0,nan,nan,0,0,0.0,512,187,325,9.73046875,28,0,28
34,WIS_O,WIS_P,8,7,0.875,175.28571428571428,69.0,560.0,106.0,3.0,0,134.0,1000,45,4.5,1.5,134.0,602.0666666666667,0,0,0.0,482,175,307,13.311203319502075,26,0,78
35,O_37,EDGE_2,8,6,0.75,305.0,130.0,525.0,276.5,3.0,0,667.0,1000,18,1.7999999999999998,0.6,181.0,633.0,0,0,0.0,488,176,312,9.688524590163935,22,0,60
36,P_36,P_33,8,7,0.875,211.42857142857142,54.0,353.0,249.0,3.0,0,309.0,1000,55,5.5,1.8333333333333333,201.0,716.3454545454546,0,0,0.0,498,208,290,14.110441767068274,23,0,85
37,M_36,N_33,10,0,0.0,nan,nan,nan,nan,nan,6,nan,1000,0,0.0,0.0,nan,nan,0,0,0.0,453,187,266,9.333333333333334,30,0,83
38,M_33,WIS_N,13,10,0.7692307692307693,164.8,85.0,303.0,125.0,3.0,0,187.0,1000,25,2.5,0.8333333333333334,167.0,464.96,0,0,0.0,482,193,289,9.049792531120332,35,0,89
39,M_35,WIS_Q,10,5,0.5,414.4,110.0,730.0,381.0,3.0,3,470.0,1000,16,1.6,0.5333333333333333,681.0,998.5,0,0,0.0,484,154,330,9.756198347107437,34,0,83
40,N_34,EDGE_1,8,7,0.875,128.42857142857142,3.0,243.0,69.0,3.0,0,303.0,1000,39,3.9,1.3,88.0,432.28205128205127,0,0,0.0,522,206,316,10.17816091954023,28,0,74
41,O_37,N_33,10,7,0.7,345.42857142857144,151.0,614.0,338.0,3.0,0,601.0,1000,32,3.2,1.0666666666666667,601.0,995.5,0,0,0.0,466,169,297,9.525751072961373,25,0,63
42,M_33,EDGE_0,11,11,1.0,147.36363636363637,97.0,239.0,119.0,3.0,0,187.0,1000,17,1.7000000000000002,0.5666666666666667,466.0,758.7647058823529,0,0,0.0,509,183,326,9.640471512770137,28,0,74
43,M_34,O_33,10,8,0.8,305.25,149.0,657.0,218.5,3.0,0,373.0,1000,34,3.4000000000000004,1.1333333333333333,373.0,781.5588235294117,0,0,0.0,498,164,334,12.73293172690763,26,0,67
44,M_37,M_36,8,2,0.25,656.0,428.0,884.0,656.0,3.0,3,908.0,1000,29,2.9000000000000004,0.9666666666666667,125.0,717.6551724137931,0,0,0.0,494,178,316,9.382591093117409,23,0,54
45,WIS_O,EDGE_0,10,8,0.8,164.75,43.0,275.0,156.5,3.0,0,143.0,1000,58,5.800000000000001,1.9333333333333333,37.0,558.1034482758621,0,0,0.0,485,183,302,9.583505154639175,33,0,102
46,O_33,N_33,8,7,0.875,374.14285714285717,49.0,756.0,336.0,3.0,0,109.0,1000,44,4.3999999999999995,1.4666666666666666,3.0,648.5454545454545,0,0,0.0,424,146,278,14.054245283018869,26,0,71
47,O_34,P_33,11,10,0.9090909090909091,214.0,58.0,586.0,136.5,3.0,0,508.0,1000,49,4.9,1.6333333333333333,119.0,859.6122448979592,0,0,0.0,536,192,344,9.029850746268657,31,0,81
48,O_37,WIS_Q,8,5,0.625,340.6,64.0,792.0,354.0,3.0,1,181.0,1000,38,3.8,1.2666666666666666,191.0,829.578947368421,0,0,0.0,480,172,308,13.3875,30,0,106
49,N_33,P_33,13,8,0.6153846153846154,244.375,77.0,415.0,244.5,3.0,1,550.0,1000,56,5.6000000000000005,1.8666666666666667,331.0,844.25,0,0,0.0,449,155,294,9.020044543429844,35,0,121
50,N_37,P_33,10,6,0.6,347.1666666666667,127.0,581.0,304.0,3.0,2,641.0,1000,36,3.5999999999999996,1.2,382.0,687.8055555555555,0,0,0.0,523,188,335,9.841300191204589,30,0,82
51,WIS_N,EDGE_2,10,9,0.9,200.11111111111111,49.0,371.0,247.0,3.0,0,319.0,1000,50,5.0,1.6666666666666667,92.0,646.7,0,0,0.0,468,191,277,9.17094017094017,31,0,107
52,WIS_O,N_33,11,10,0.9090909090909091,155.1,12.0,275.0,149.0,3.0,0,143.0,1000,37,3.6999999999999997,1.2333333333333334,334.0,637.6216216216217,0,0,0.0,446,167,279,9.560538116591928,37,0,75
53,M_33,EDGE_3,12,5,0.4166666666666667,291.0,20.0,708.0,168.0,3.0,4,276.0,1000,53,5.3,1.7666666666666666,276.0,872.8301886792453,0,0,0.0,461,175,286,9.79175704989154,37,0,104
54,Q_36,O_33,11,11,1.0,92.0909090909091,9.0,331.0,39.0,3.0,0,399.0,1000,14,1.4000000000000001,0.4666666666666667,888.0,1066.2857142857142,0,0,0.0,516,196,320,12.6531007751938,34,0,97
55,P_34,EDGE_3,11,11,1.0,114.72727272727273,10.0,353.0,103.0,2.909090909090909,0,93.0,1000,26,2.6,0.8666666666666667,443.0,689.9230769230769,0,0,0.0,418,186,232,9.145933014354068,27,0,62
56,O_37,WIS_Q,12,6,0.5,217.16666666666666,59.0,348.0,218.0,3.0,3,179.0,1000,10,1.0,0.3333333333333333,817.0,817.0,0,0,0.0,471,156,315,9.636942675159236,35,0,74
57,P_33,EDGE_2,11,11,1.0,96.54545454545455,0.0,264.0,33.0,3.0,0,62.0,1000,78,7.8,2.6,50.0,586.7948717948718,0,0,0.0,521,161,360,9.247600767754319,40,0,127
58,N_32,WIS_O,8,6,0.75,121.0,75.0,203.0,85.0,3.0,0,147.0,1000,44,4.3999999999999995,1.4666666666666666,563.0,890.8409090909091,0,0,0.0,465,180,285,9.374193548387098,28,0,80
59,M_31,WIS_N,14,11,0.7857142857142857,195.1818181818182,118.0,276.0,186.0,3.0,0,220.0,1000,54,5.4,1.8,481.0,992.0925925925926,0,0,0.0,477,179,298,9.39203354297694,38,0,97
60,N_32,O_33,14,12,0.8571428571428571,85.16666666666667,0.0,259.0,81.0,3.0,0,151.0,1000,49,4.9,1.6333333333333333,326.0,775.8979591836735,0,0,0.0,526,164,362,9.330798479087452,42,0,102
61,N_37,O_33,11,4,0.36363636363636365,436.75,240.0,840.0,333.5,3.0,5,1267.0,1000,53,5.3,1.7666666666666666,438.0,1276.6603773584907,0,0,0.0,472,162,310,13.396186440677965,33,0,100
62,P_36,EDGE_1,9,6,0.6666666666666666,471.3333333333333,179.0,712.0,531.5,3.0,0,538.0,1000,35,3.5000000000000004,1.1666666666666667,369.0,888.9714285714285,0,0,0.0,507,231,276,9.621301775147929,29,0,69
63,P_34,EDGE_3,12,11,0.9166666666666666,165.72727272727272,37.0,419.0,184.0,3.0,0,542.0,1000,19,1.9,0.6333333333333333,449.0,615.0526315789474,0,0,0.0,489,173,316,13.627811860940696,25,0,59
64,P_34,P_33,11,11,1.0,186.0,47.0,352.0,201.0,3.0,0,528.0,1000,38,3.8,1.2666666666666666,28.0,458.2631578947368,0,0,0.0,559,204,355,8.785330948121645,31,0,84
65,M_32,EDGE_1,11,7,0.6363636363636364,235.28571428571428,39.0,732.0,195.0,3.0,3,249.0,1000,25,2.5,0.8333333333333334,337.0,722.52,0,0,0.0,605,190,415,11.963636363636363,35,0,93
66,O_33,O_33,9,5,0.5555555555555556,198.4,48.0,652.0,115.0,3.0,0,108.0,1000,60,6.0,2.0,60.0,376.65,0,0,0.0,539,187,352,9.435992578849723,33,0,92
67,O_33,WIS_N,15,13,0.8666666666666667,319.2307692307692,58.0,553.0,344.0,3.0,0,109.0,1000,47,4.7,1.5666666666666667,298.0,969.0851063829788,0,0,0.0,480,161,319,9.185416666666667,40,0,109
68,N_34,P_33,12,9,0.75,363.1111111111111,125.0,754.0,338.0,3.0,1,398.0,1000,44,4.3999999999999995,1.4666666666666666,220.0,592.3636363636364,0,0,0.0,464,166,298,9.823275862068966,32,0,94
69,M_36,WIS_O,9,0,0.0,nan,nan,nan,nan,nan,7,nan,1000,0,0.0,0.0,nan,nan,0,0,0.0,466,204,262,9.390557939914164,32,0,90
70,P_36,EDGE_0,9,5,0.5555555555555556,210.6,19.0,373.0,207.0,3.0,1,379.0,1000,49,4.9,1.6333333333333333,217.0,692.530612244898,0,0,0.0,466,209,257,13.126609442060087,31,0,80
71,WIS_P,EDGE_1,6,6,1.0,95.0,60.0,137.0,88.0,3.0,0,450.0,1000,48,4.8,1.6,450.0,829.7916666666666,0,0,0.0,426,163,263,9.62206572769953,21,0,70
72,O_33,WIS_P,11,9,0.8181818181818182,239.77777777777777,18.0,829.0,153.0,3.0,0,109.0,1000,53,5.3,1.7666666666666666,109.0,728.0754716981132,0,0,0.0,520,182,338,9.544230769230769,38,0,102
73,WIS_P,EDGE_3,10,8,0.8,155.5,0.0,299.0,152.5,3.0,0,231.0,1000,26,2.6,0.8666666666666667,1258.0,1316.8846153846155,0,0,0.0,487,156,331,9.827515400410677,33,0,72
74,M_33,EDGE_2,7,3,0.42857142857142855,335.0,136.0,556.0,313.0,3.0,3,1036.0,1000,25,2.5,0.8333333333333334,554.0,864.88,0,0,0.0,483,182,301,12.778467908902691,27,0,100
75,P_36,P_33,6,5,0.8333333333333334,200.4,151.0,263.0,206.0,3.0,0,511.0,1000,40,4.0,1.3333333333333333,257.0,398.0,0,0,0.0,501,191,310,9.457085828343313,19,0,52
76,O_36,O_33,10,7,0.7,545.2857142857143,228.0,736.0,591.0,3.0,0,288.0,1000,49,4.9,1.6333333333333333,102.0,622.734693877551,0,0,0.0,507,197,310,9.773175542406312,36,0,101
77,WIS_N,EDGE_2,10,9,0.9,218.22222222222223,99.0,352.0,254.0,3.0,0,486.0,1000,64,6.4,2.1333333333333333,279.0,747.078125,0,0,0.0,495,169,326,13.175757575757576,29,0,99
78,P_36,P_33,11,9,0.8181818181818182,328.1111111111111,54.0,524.0,383.0,3.0,0,219.0,1000,74,7.3999999999999995,2.466666666666667,219.0,851.6756756756756,0,0,0.0,456,174,282,9.728070175438596,36,0,117
79,Q_36,EDGE_2,9,3,0.3333333333333333,306.6666666666667,61.0,779.0,80.0,3.0,4,440.0,1000,39,3.9,1.3,440.0,909.1025641025641,0,0,0.0,434,152,282,9.642857142857142,30,0,76
80,WIS_O,WIS_O,12,10,0.8333333333333334,154.9,62.0,241.0,158.5,3.0,0,143.0,1000,68,6.800000000000001,2.2666666666666666,143.0,512.1911764705883,0,0,0.0,423,155,268,9.24822695035461,41,0,100
81,P_32,WIS_N,7,7,1.0,79.28571428571429,0.0,179.0,68.0,3.0,0,428.0,1000,51,5.1,1.7,428.0,637.7450980392157,0,0,0.0,490,142,348,9.551020408163266,30,0,100
82,Q_36,WIS_N,13,2,0.15384615384615385,303.0,96.0,510.0,303.0,3.0,6,876.0,1000,40,4.0,1.3333333333333333,308.0,772.75,0,0,0.0,476,174,302,9.130252100840336,40,0,102
83,N_37,N_33,9,3,0.3333333333333333,378.0,139.0,799.0,196.0,3.0,4,496.0,1000,47,4.7,1.5666666666666667,485.0,992.0851063829788,0,0,0.0,425,150,275,10.049411764705882,29,0,91
84,WIS_P,WIS_P,11,8,0.7272727272727273,385.75,190.0,667.0,379.0,3.0,1,250.0,1000,39,3.9,1.3,38.0,722.1538461538462,0,0,0.0,501,195,306,10.00998003992016,31,0,93
85,P_37,WIS_Q,9,4,0.4444444444444444,216.75,44.0,371.0,226.0,3.0,3,719.0,1000,19,1.9,0.6333333333333333,220.0,600.3684210526316,0,0,0.0,438,185,253,13.006849315068493,25,0,82
86,P_32,P_33,8,8,1.0,119.25,20.0,294.0,131.0,3.0,0,508.0,1000,18,1.7999999999999998,0.6,92.0,294.6666666666667,0,0,0.0,554,219,335,9.048736462093864,27,0,72
87,Q_36,EDGE_0,11,4,0.36363636363636365,70.75,20.0,131.0,66.0,3.0,5,410.0,1000,7,0.7000000000000001,0.23333333333333334,862.0,862.0,0,0,0.0,481,167,314,12.925155925155925,35,0,80
88,P_32,WIS_Q,10,0,0.0,nan,nan,nan,nan,nan,6,nan,1000,0,0.0,0.0,nan,nan,0,0,0.0,460,168,292,9.210869565217392,31,0,86
89,O_33,WIS_O,6,5,0.8333333333333334,108.8,29.0,245.0,102.0,3.0,1,462.0,1000,54,5.4,1.8,343.0,785.1111111111111,0,0,0.0,445,171,274,9.770786516853933,26,0,91
90,M_35,M_36,11,6,0.5454545454545454,439.3333333333333,48.0,873.0,326.5,3.0,2,337.0,1000,38,3.8,1.2666666666666666,36.0,1106.4473684210527,0,0,0.0,591,200,391,9.434856175972927,31,0,75
91,O_33,WIS_N,14,14,1.0,172.28571428571428,17.0,396.0,97.5,3.0,0,100.0,1000,43,4.3,1.4333333333333333,255.0,939.4418604651163,0,0,0.0,524,197,327,9.744274809160306,39,0,100
92,M_32,EDGE_2,10,3,0.3,245.0,163.0,289.0,283.0,3.0,3,349.0,1000,20,2.0,0.6666666666666666,246.0,411.45,0,0,0.0,433,134,299,13.95150115473441,30,0,100
93,N_37,WIS_N,9,6,0.6666666666666666,256.3333333333333,135.0,402.0,227.5,3.0,1,538.0,1000,59,5.8999999999999995,1.9666666666666666,107.0,821.9152542372881,0,0,0.0,473,142,331,9.448202959830867,28,0,94
94,N_37,O_33,15,8,0.5333333333333333,488.125,80.0,775.0,498.5,3.0,1,470.0,1000,34,3.4000000000000004,1.1333333333333333,409.0,695.9705882352941,0,0,0.0,489,171,318,9.535787321063395,41,0,102
95,N_36,N_33,11,7,0.6363636363636364,467.7142857142857,178.0,742.0,622.0,3.0,0,958.0,1000,67,6.7,2.2333333333333334,305.0,730.2388059701492,0,0,0.0,495,213,282,15.971717171717172,33,0,113
96,O_36,EDGE_3,9,5,0.5555555555555556,361.8,91.0,534.0,400.0,3.0,0,451.0,1000,29,2.9000000000000004,0.9666666666666667,676.0,948.6206896551724,0,0,0.0,499,155,344,9.865731462925853,22,0,53
97,P_36,O_33,14,13,0.9285714285714286,347.9230769230769,56.0,775.0,355.0,3.0,0,862.0,1000,54,5.4,1.8,161.0,904.3333333333334,0,0,0.0,484,199,285,9.40495867768595,40,0,121
98,O_34,EDGE_2,14,12,0.8571428571428571,278.0833333333333,57.0,616.0,266.5,3.0,0,119.0,1000,48,4.8,1.6,180.0,779.1666666666666,0,0,0.0,470,163,307,13.065957446808511,39,0,97
99,Q_34,WIS_P,17,8,0.47058823529411764,181.0,45.0,252.0,206.0,3.0,5,435.0,1000,29,2.9000000000000004,0.9666666666666667,269.0,707.0689655172414,0,0,0.0,513,198,315,12.237816764132553,38,0,93
